id_ville,num_page,com
SURESNES_92073,1,"Avis posté le 18-12-2017 à 23:29Par kiki925.25EnvironnementTransportsSécuritéSantéSportset loisirsCultureEnseignementCommercesQualitéde vie853658365Les points positifs : ville sympa dans l'ensemble, beaucoup de verdure .
Niveau culturel , il y'a ce qu'il faut : bibliothèque , cinéma, librairie .
Le mont Valérien qui représente la ville de Suresnes.Les points négatifs : Grand manque de transports ( métro...) .
je vis en haut de Suresnes , ma  porte taguée, squat en bas du bâtiment , racaille provenant de Nanterre s'ajoutant à l'actuelle.
Enseignement vraiment pas terrible.
Ville très chère.Signaler ce commentaire4d'accord0pas d'accordPour interagir sur le site, vous devez désactiver votre anti-pub"
SURESNES_92073,1,"Avis posté le 29-08-2017 à 10:14Par Syl8.31EnvironnementTransportsSécuritéSantéSportset loisirsCultureEnseignementCommercesQualitéde vie7971099998Les points positifs : Haut de Suresnes changé en mieux ces 10 dernières années. Ville avec théâtre, cinéma, commerces, restos, T2, bus, parcs en haut et bas de Suresnes
Je suis né à Suresnes et y vit depuis 38 ans.Les points négatifs : Pollution l'été parce que proche de Paris. Trafic de drogue lié à la conjoncture actuelle ces 15 dernières années, caché par la ville.Signaler ce commentaire7d'accord6pas d'accordPour interagir sur le site, vous devez désactiver votre anti-pub"
SURESNES_92073,1,"Avis posté le 08-06-2017 à 21:53Par Nat927.06EnvironnementTransportsSécuritéSantéSportset loisirsCultureEnseignementCommercesQualitéde vie868877767Les points positifs : Proximité de Paris, cadre agréable, espaces verts.Les points négatifs : Des transports en commun insuffisants, pas de poissonnier ni de traiteur dans la ville basse, un boulevard Henri Sellier trop large qui avantage trop les voitures.Signaler ce commentaire7d'accord4pas d'accordPour interagir sur le site, vous devez désactiver votre anti-pub"
SURESNES_92073,1,"Avis posté le 27-04-2017 à 23:36Par hby127.50EnvironnementTransportsSécuritéSantéSportset loisirsCultureEnseignementCommercesQualitéde vie769878658Les points positifs : La situation : la ville se situe près de Paris et de la Défense, à proximité du Bois de Boulogne.Les points négatifs : A part le T2, Suresnes est mal desservie et pâtit du manque de Métro.
Centre ville hybride entre grands immeubles années 70 et ""vieille"" ville.Signaler ce commentaire16d'accord4pas d'accordPour interagir sur le site, vous devez désactiver votre anti-pub"
SURESNES_92073,1,"Avis posté le 03-04-2017 à 14:02Par Paul7.88EnvironnementTransportsSécuritéSantéSportset loisirsCultureEnseignementCommercesQualitéde vie988977778Les points positifs : J'habite dans le bas de Suresnes.
La ville bénéficie d'un environnement favorable :
1) la situation géographique privilégiée car à proximité de Paris.
2) les espaces verts : proximité du bois de Boulogne. Sinon à Suresnes, le parc du Château est très agréable.
3) les transports :  La ville est bien desservie par les transports (train, tram, bus), il ne nous manque que le métro... 
4) la sécurité : les voitures de police circulent régulièrement dans les rues.
5) le système de santé: de nombreux médecins et l'hôpital Foch dans la ville même.
6) le système éducatif : je vais parler uniquement de ce que je connais, la petite enfance. Ici on trouve de nombreuses structures, écoles maternelles et primaires.
7) le commerce de quartier est bien développé et de nombreux et très bons Restos.Les points négatifs : Parmi les points négatifs, je soulignerai :
1) l'absence du métro.
2) le centre ville mériterait un coup de neuf tout comme l'entrée de la ville au niveau du pont de Suresnes.
3) fiscalité (taxes habitation et foncière) un peu plus élevée que ses voisins.
4) absence de containers à verres dans les immeubles même et passage seulement une fois par mois pour les gros encombrants.Signaler ce commentaire22d'accord6pas d'accordPour interagir sur le site, vous devez désactiver votre anti-pub"
SURESNES_92073,1,"Avis posté le 01-03-2017 à 16:21Par Urbs4.69EnvironnementTransportsSécuritéSantéSportset loisirsCultureEnseignementCommercesQualitéde vie714757664Les points positifs : Moins de pollution que dans d'autres villes autour de Paris grâce au vent d'ouest et à la hauteur (hormis le désastre du boulevard Sellier 4 h par jour).Les points négatifs : Échec retentissant en matière de liaisons. On doit pouvoir facilement y venir et en partir.Signaler ce commentaire8d'accord5pas d'accordPour interagir sur le site, vous devez désactiver votre anti-pub"
SURESNES_92073,2,"Avis posté le 25-01-2017 à 21:45Par Franck5.25EnvironnementTransportsSécuritéSantéSportset loisirsCultureEnseignementCommercesQualitéde vie356776645Les points positifs : Proche de Paris, de Neuilly (pour les commerces et boutiques de mode) et du bois de boulogne pour les promenades par beau temps. 
Infrastructures pour les jeunes enfants (crèches, écoles maternelles, primaires et collèges et centre sportif). Je ne cite pas le lycée général car il est vraiment en mauvais état.Les points négatifs : Absence de centre ville, ce qui signifie peu de commerces de proximité. 
Absence de métro alors que c'est censé être une ville collée a Paris... transports (bus, trams et trains insuffisants en heures de pointe). 
Manque d'espaces verts (très peu de parcs). Trottoirs très étroits. Pas de ramassage hebdomadaire des gros déchets encombrants. Pas de poubelle pour verre dans les immeubles. 
Taxes locales élevées par rapport à ses voisins de puteau, courbevoie et neuilly. Pourquoi? Parce qu'il y a à suresnes trop de logements sociaux à financer (37% du parc sont des logements sociaux et le maire continue!) et pas suffisamment d'entreprises.
En conclusion, la ville a du potentiel de par sa situation géographique et les prix des logements encore accessibles comparés aux voisins mais le maire ne fait pas grand chose pour exploiter ce potentiel. Il faudrait: 1) repenser le centre ville; 2) avoir un métro (plein de ville y arrive même à aubervillier!) et 3) avoir une fiscalité plus avantageuse... bref vivement 2021!Signaler ce commentaire21d'accord4pas d'accordPour interagir sur le site, vous devez désactiver votre anti-pub"
SURESNES_92073,2,"Avis posté le 16-01-2017 à 15:07Par parisienne en exil4.13EnvironnementTransportsSécuritéSantéSportset loisirsCultureEnseignementCommercesQualitéde vie421575554Les points positifs : Je cherche... proche défense, un grand leclerc, quelques activités sportives, sinon c'est triste à mourirLes points négatifs : Problème de sécurité, peu de commerces, on se sent coupé du monde, manque de transport en commun, un bus ou deux pour se rendre à Paris, certains  bus sont lents et raresSignaler ce commentaire12d'accord13pas d'accordPour interagir sur le site, vous devez désactiver votre anti-pub"
SURESNES_92073,2,"Avis posté le 13-01-2017 à 13:17Par roger-è3.38EnvironnementTransportsSécuritéSantéSportset loisirsCultureEnseignementCommercesQualitéde vie214666413Les points positifs : des points positifs, je n'en vois pas si ce n'est la proximité du bois de boulogne!Les points négatifs : Taxes scandaleusement chères, trottoirs très sales surtout pendant le week end, horrible bd henri sellier et le danger que de le traverser, centre ville sans commerces, à part la restauration rapide, habitat très moche
à fuir!Signaler ce commentaire14d'accord12pas d'accordPour interagir sur le site, vous devez désactiver votre anti-pub"
SURESNES_92073,2,"Avis posté le 16-11-2016 à 18:34Par Jo943.38EnvironnementTransportsSécuritéSantéSportset loisirsCultureEnseignementCommercesQualitéde vie555722223Les points positifs : Près de Paris.Les points négatifs : Pas de véritable centre ville. Pas assez de commerces. Laideur et mauvaise qualité de l'habitat. Trop peu d'espaces verts. Parc du Château dénaturé. Trottoirs de plus en plus sales. Le tramway est saturé. Trop de projets de grands ensembles en béton qui ajoutent à la laideur de la ville et à son manque d'humanité. Médiathèque qui sert de garderie pour enfants où il est impossible de lire tranquillement. Manque d'activités culturelles.Signaler ce commentaire14d'accord8pas d'accordPour interagir sur le site, vous devez désactiver votre anti-pub"
SURESNES_92073,2,"Avis posté le 14-11-2016 à 16:31Par Dgz7.19EnvironnementTransportsSécuritéSantéSportset loisirsCultureEnseignementCommercesQualitéde vie747978987Les points positifs : jolie ville sur le coteaux sud est du Mont Valérien, répartie sur 4 quartiers, deux en bas avec celui de la mairie et celui du parc du Château (y'a plus de château mais reste le parc). En haut deux quartiers, la cité jardin, première cité 1900 pour les ouvriers, très jolie et quartier liberté collé à Puteaux et proche du Mont ValérienLes points négatifs : Ville régulièrement abimée par un programme d'immeuble d'habitation systèmatiqueSignaler ce commentaire11d'accord3pas d'accordPour interagir sur le site, vous devez désactiver votre anti-pub"
SURESNES_92073,2,"Avis posté le 29-10-2016 à 11:24Par Lili8.69EnvironnementTransportsSécuritéSantéSportset loisirsCultureEnseignementCommercesQualitéde vie8981088889Les points positifs : Ville agréable à vivre, proche Paris, la défense, Bois de  Boulogne.
Bien desservie ligne L ,tramway  T2.
Bonne  securitéLes points négatifs : Un peu trop calme et beaucoup de circulation aux heures de pointe sur le boulevard Henri sellierSignaler ce commentaire10d'accord4pas d'accordPour interagir sur le site, vous devez désactiver votre anti-pub"
SURESNES_92073,3,"Avis posté le 25-10-2016 à 11:06Par Ben7.00EnvironnementTransportsSécuritéSantéSportset loisirsCultureEnseignementCommercesQualitéde vie787886667Les points positifs : Ville agréable, proche du bois de Boulogne et des lacs pour se balader et faire du sport, place du marché avec restaurant très sympa quand elle est animée.Les points négatifs : Manque boutique de mode et manque d'animation le weekendSignaler ce commentaire10d'accord2pas d'accordPour interagir sur le site, vous devez désactiver votre anti-pub"
SURESNES_92073,3,"Avis posté le 18-08-2016 à 13:53Par juju859.44EnvironnementTransportsSécuritéSantéSportset loisirsCultureEnseignementCommercesQualitéde vie789910991010Les points positifs : Propreté de la ville, bois de Boulogne et la seine à proximitéLes points négatifs : Trafic routier parfois important à Suresnes notamment sur le boulevard Henri Sellier, le quartier cité jardin parfois délaissé par la police....Signaler ce commentaire7d'accord5pas d'accordPour interagir sur le site, vous devez désactiver votre anti-pub"
SURESNES_92073,3,"Avis posté le 14-08-2016 à 01:12Par Alchimisst4.88EnvironnementTransportsSécuritéSantéSportset loisirsCultureEnseignementCommercesQualitéde vie549511236Les points positifs : Un esprit antique un peu villageois la proximité des résidents de la cité jardins le peu d'étages et ses battisses classées ce qui empêche jusqu'à nouvel ordre bien sur de toucher au caractère historique de ce lieu, le théâtre et ses actuations.
Les jardins bio attribués par tirage au sort...Les points négatifs : Alors là j'ai de l'argumentaire... J'ai presque quarante ans et grandi à Suresnes, je suis née a Rueil, je vous la conseil d'ailleurs, Suresnes se meurt Suresnes a abdiqué il y a bien longtemps et ses habitants bien plus encore, ce n'est plus qu'une cité dortoir, viticole une maladie a anéanti à jamais les meilleures vignes de France qu'on le sache... L'industrie en fit une cité ouvrière la guerre affirma cet essor
Suresnes aurait pu Suresnes aurait du, ses gens ses citadins eurent mérités un peu plus de considération surtout dans la cités jardin qui n'en a plus que l'appellation, les cours ou jouaient les enfants ont laissé place à des emplacements pour scooter ou aux places de parkings, la ville est animée de souffleurs de feuilles, de marteaux piqueurs et des bruits des klaxons du badaud payant sa place au mois et la voyant précieuse, vit très mal que le livreur de passage stationne dans le coin... Les jeunes errent ou traînent que voulez vous qu'ils fassent, aucune infrastructure, des tarifs exorbitants pour le cinéma et la médiathèque, même pour les habitants très peu d'activité extra scolaire, les parcs mal pensés mal ou quasi pas aménagés, certains sont ridicules! très très peu de lieu de rencontre ou de partage de savoir... Comme souvent, comme dans beaucoup de cas on se fout de nous... Le maire se repose sur ses acquis n'ayant été dérangé depuis nombreux mandats, c'est simple je n'ai connu que lui ici et depuis je me dis que jeune c'était joli il bossait un minimum le gars, maintenant inventant des projets farfelus ou en bâclant certains indispensables je pense en particulier à la réhabilitation des cités jardins ! proprement scandaleux!!!! du rapt de poignets de porcelaine et de baignoires en fonte remplacées par du toc et du vent! outrée du résultat je fût pour avoir assisté à de nombreux abus... Les cerisiers ont disparus, les commerces de proximité aussi, les petites terrasses, les jolies brasseries, même les parcs et les squares sont dénaturés, les toboggans pardonnez moi certains sont en alu et au soleil j'ai des tas d'exemple de cet acabit on se fout de tout on se désiste. Redonnons vie à nos quartiers, je dois vous avouer que j'attends pour ma part un réveil de chacun sur son propre chemin ! sur ce, bienvenue aux nouveaux et courage aux autres ! namasté.Signaler ce commentaire9d'accord9pas d'accordPour interagir sur le site, vous devez désactiver votre anti-pub"
SURESNES_92073,3,"Avis posté le 13-07-2016 à 11:19Par Mamine2.88EnvironnementTransportsSécuritéSantéSportset loisirsCultureEnseignementCommercesQualitéde vie423656312Les points positifs : A part la proximité du bois de Boulogne, je ne vois rien de positif
Le bas de Suresnes et les villas du mont valérien correctesLes points négatifs : ville chère, moche, taxes d'habitations scandaleuses, transports bondés, pas de métro, ville de plus en plus sale.
La mairie se repose sur une élection depuis 1984, il faudrait un maire plus jeune et plus dynamique
Je cherche a quitter cette ville, bien que j'habite dans l'immeuble le plus huppé de Suresnes, face au parc du Château.Signaler ce commentaire17d'accord8pas d'accordPour interagir sur le site, vous devez désactiver votre anti-pub"
SURESNES_92073,3,"Avis posté le 10-07-2016 à 14:33Par le reveur3.38EnvironnementTransportsSécuritéSantéSportset loisirsCultureEnseignementCommercesQualitéde vie212555553Les points positifs : aucunLes points négatifs : ville sale, résidence de la tuilerie très sale, personnel de lopac inefficace ainsi que le personnel de la mairie, il est impossible de discuter ou de prendre RDV avec les différents responsables.Signaler ce commentaire11d'accord6pas d'accordPour interagir sur le site, vous devez désactiver votre anti-pub"
SURESNES_92073,3,"Avis posté le 03-06-2016 à 15:47Par SAN8.56EnvironnementTransportsSécuritéSantéSportset loisirsCultureEnseignementCommercesQualitéde vie979978889Les points positifs : le cadre de vie, proche du bois de Boulogne, la sécurité, les petits commerces et leurs qualités, il fait bon vivre à SuresnesLes points négatifs : les transports pas assez développés, le prix de l'immobilier et les taxes..Signaler ce commentaire7d'accord5pas d'accordPour interagir sur le site, vous devez désactiver votre anti-pub"
SURESNES_92073,4,"Avis posté le 18-02-2016 à 09:44Par Daniel4.75EnvironnementTransportsSécuritéSantéSportset loisirsCultureEnseignementCommercesQualitéde vie588775483Les points positifs : Transports suffisantsLes points négatifs : Certains quartiers sont privilégiés par rapport à d'autres, cité jardins : alcoolos sur la place de la paix laissant canettes de bière par terre, urine partout et petits cons qui roulent en motos ou voitures à grandes vitesse et pas de police, à quoi sert la police municipale ?Signaler ce commentaire17d'accord8pas d'accordPour interagir sur le site, vous devez désactiver votre anti-pub"
SURESNES_92073,4,"Avis posté le 05-02-2016 à 11:09Par mickael7.13EnvironnementTransportsSécuritéSantéSportset loisirsCultureEnseignementCommercesQualitéde vie855667678Les points positifs : Depuis Presque 1 an déjà sur Suresnes dans la Cité Jardin, rien à dire. Je ne comprends pas les mauvais commentaires Suresnes est une superbe ville je trouve..!Les points négatifs : Problèmes de transport peut-etre trop peu nombreux.Signaler ce commentaire14d'accord5pas d'accordPour interagir sur le site, vous devez désactiver votre anti-pub"
SURESNES_92073,4,"Avis posté le 27-01-2016 à 13:21Par Elias8.69EnvironnementTransportsSécuritéSantéSportset loisirsCultureEnseignementCommercesQualitéde vie1079999779Les points positifs : Agréable à vivre, cinéma, commerces...
Pour vivre en famille, avec des enfants, c'est l'idéale.
Surtout vers les quais de seine.
Le centre de Suresnes est vraiment sympas.Les points négatifs : Rien à dire, depuis 3 mois à Suresnes.Signaler ce commentaire9d'accord7pas d'accordPour interagir sur le site, vous devez désactiver votre anti-pub"
SURESNES_92073,4,"Avis posté le 20-01-2016 à 20:57Par esjp8.13EnvironnementTransportsSécuritéSantéSportset loisirsCultureEnseignementCommercesQualitéde vie8691074599Les points positifs : Je vis dans le bas de Suresnes et mes parents sur le Mont Valérien. Nous avons absolument aucun problème depuis que nous y sommes. Nous avons de la tranquilité, proche de tout, transports avec de très bons horaires jusqu'a une heure du matin. Les gens y sont agréables. J'ai fait toutes mes études à Paris, j'ai vécu à Paris quatre ans. C'est absolument pas comparable tant la ville est calme et sécurisée. 
C'est désolant de voir des gens critiquées à excès et de voir autant de mauvaise foi. Comparé à des villes comme Nanterre, Asnières sur Seine, etc, Suresnes réunit tous les critères pour ceux qui souhaient avoir une bonne qualité de vie.Les points négatifs : Je reproche à cette ville de ne pas être assez jeune. Il ne se passe pas grand chose de vraiment intéressant et dans l'air du temps pour une jeune de 22 ans comme moi. L'enseignement peut laisser aussi à désirer de ce que je vois avec mon petit frère.Signaler ce commentaire9d'accord5pas d'accordPour interagir sur le site, vous devez désactiver votre anti-pub"
SURESNES_92073,4,"Avis posté le 20-01-2016 à 15:45Par deuxjma7.94EnvironnementTransportsSécuritéSantéSportset loisirsCultureEnseignementCommercesQualitéde vie795998798Les points positifs : Les commerces sont nombreux et diversifiés, les médecins et spécialistes sont présents aussi bien dans le haut et le bas de SuresnesLes points négatifs : Je trouve que la sécurité n'est pas encore au top bien que cela se soit un peu amélioré.Signaler ce commentaire9d'accord2pas d'accordPour interagir sur le site, vous devez désactiver votre anti-pub"
SURESNES_92073,4,"Avis posté le 20-01-2016 à 10:39Par NLR6.94EnvironnementTransportsSécuritéSantéSportset loisirsCultureEnseignementCommercesQualitéde vie6051066688Les points positifs : bois de Boulogne pour nous séparer de Paris , la verdure .Les points négatifs : Aller travailler depuis le haut de Suresnes au centre de Paris . L'horreur. Surtout quand on commence tard et rentre tard; Je travaille dans une boutique , ce qui n'est pas une exception. Donc marche , bus rares , jusqu'à la Porte Maillot , puis métro  etc.. Et le soir , retour.  Métro, attente du bus Porte Maillot 19H30/20H) pour la place de la Paix ( Trop long). Donnez moi une solution facile pour aller vers le Bon Marché ou St Sulpice. Transports en commun trop rares , pas assez de passages de bus , pour les gens qui travaillent et ne doivent pas passer leur vie dans les transports et être en retard. Voiture , 20 minutes mais stationnement à Paris impossible. On nous oriente vers les transports en commun , mais quelle galère.Signaler ce commentaire10d'accord0pas d'accordPour interagir sur le site, vous devez désactiver votre anti-pub"
SURESNES_92073,5,"Avis posté le 19-01-2016 à 11:34Par say77954.94EnvironnementTransportsSécuritéSantéSportset loisirsCultureEnseignementCommercesQualitéde vie673766754Les points positifs : Les Transports et proximité de Paris. Ville historique avec le fort du mont valérien.
Services à la personne.Les points négatifs : Pas assez de forces de l'ordre. Montée de la délinquance et nuisances sonores importantes. Manque d'investissement de la collectivité.Signaler ce commentaire7d'accord7pas d'accordPour interagir sur le site, vous devez désactiver votre anti-pub"
SURESNES_92073,5,"Avis posté le 02-11-2015 à 15:28Par henri8.56EnvironnementTransportsSécuritéSantéSportset loisirsCultureEnseignementCommercesQualitéde vie988988789Les points positifs : Bas de suresnes, parc du château, proximité Paris, qualité de vie pour les enfants, sport, tranquillité.Les points négatifs : Boulevard henri sellier, ville coupée en 2 entre le haut et le bas, absence de bon collège et de bon lycée,Signaler ce commentaire10d'accord3pas d'accordPour interagir sur le site, vous devez désactiver votre anti-pub"
SURESNES_92073,5,"Avis posté le 21-10-2015 à 09:53Par vilaine923.38EnvironnementTransportsSécuritéSantéSportset loisirsCultureEnseignementCommercesQualitéde vie492942532Les points positifs : les  : hôpital Foch qui bien que surchargé (3 mois d'attente pour un rdv!!) est un bon hôpital; transports en commun top car beaucoup de possibilités (tram, bus qui arrive soit au RER soit au métro), commerces proches de (certaines) zones d'habitation; 3 supermarchés ouverts jusqu'à 21h (Casino, Franprix et Carrefour city en haut de Suresnes)Les points négatifs : Les toxicos de la Place de la Paix qui squattent toute la journée et laissent leur canettes de bières et autres par terre; le pourcentage aberrant d'alcoolos dans le haut de Suresnes et de cas sociaux; c'est la déprime dans les rues à force de voir des tronches pareilles; j'habite cette ville depuis 20 ans et c'est de pire en pire; je suis aux cités jardins et c'est vrai que l'été, c'est l'enfer : petits glandeurs de m... qui squattent dehors sous les immeubles jusqu'à des 4h du mat et gueulent comme des veaux pendant que toi tu essaies de dormir pour bosser le lendemain; le 14 juillet, c'est la guerre dans le quartier avec cette année la BAC faisant une course poursuite dans les rues pour choper des ptits cons; tir de mortier (mais oui!!) bref, ça pue.Signaler ce commentaire11d'accord5pas d'accordPour interagir sur le site, vous devez désactiver votre anti-pub"
SURESNES_92073,5,"Avis posté le 17-10-2015 à 22:33Par deuxjma6.75EnvironnementTransportsSécuritéSantéSportset loisirsCultureEnseignementCommercesQualitéde vie793988886Les points positifs : Sommes très bien desservis question transports, et commerces. En ce qui concerne la santé nous avons tout ce qui est nécessaire trois points positifsLes points négatifs : La sécurité est de moins en moins bonne, lancés de mortier surtout l'été cette année nous avons eu  droit à des voitures et poubelles incendiées. De plus en plus de magasins cambriolés, je n'ose plus sortir le soir et cela n'était pas le cas quand je suis arrivées dans cette ville en 1975.Signaler ce commentaire9d'accord4pas d'accordPour interagir sur le site, vous devez désactiver votre anti-pub"
SURESNES_92073,5,"Avis posté le 31-08-2015 à 14:26Par Guarpus5.81EnvironnementTransportsSécuritéSantéSportset loisirsCultureEnseignementCommercesQualitéde vie577725576Les points positifs : Proche de Paris, La Défense et du bois de Boulogne
Transports relativement bons surtout grâce au T2
Ville relativement tranquille
Joli Parc du Château
Quelques bons médecins et un hôpital
Proche des ""centres d'emplois"": La Défense, Neuilly, Boulogne, voire Suresnes même...Les points négatifs : Peu de zones vertes, des rues sans arbres comme Rouget de Lisle
Voiture renne
Trottoirs moyens
Habitations moyennes
Peu de clubs/installations sportives à part le Badminton, apparemment...
Peu d'activités en général.Signaler ce commentaire6d'accord4pas d'accordPour interagir sur le site, vous devez désactiver votre anti-pub"
SURESNES_92073,5,"Avis posté le 25-08-2015 à 16:46Par fleurdecerisier4.63EnvironnementTransportsSécuritéSantéSportset loisirsCultureEnseignementCommercesQualitéde vie565765444Les points positifs : Compromis entre vie chère à Paris et la banlieue éloignée. Bonne politique familiale. Ville qui oeuvre pour une mixité socialeLes points négatifs : Vie de quartier triste en ""haut de Suresnes"" ,meilleure en bas. Une seule école privée..Signaler ce commentaire8d'accord0pas d'accordPour interagir sur le site, vous devez désactiver votre anti-pub"
SURESNES_92073,6,"Avis posté le 15-07-2015 à 08:49Par Camille4.50EnvironnementTransportsSécuritéSantéSportset loisirsCultureEnseignementCommercesQualitéde vie7901088682Les points positifs : Hôpital Foch.Transports relativement bien desservis bus, tram, train. Proche du bois de Boulogne.Les points négatifs : Cité Jardin, zone de non droit, occupation de l'espace public, trottoirs squattés par la voyoucratie, rodéo motos et voitures non homologuées en toute impunité. Trafics en tout genre. Tous les étés état de guerre avec mortier. Police inexistante, insécurité majeure. Le maire nous laisse totalement pourrir dans le haut de Suresnes.Signaler ce commentaire13d'accord9pas d'accordPour interagir sur le site, vous devez désactiver votre anti-pub"
SURESNES_92073,6,"Avis posté le 13-07-2015 à 15:56Par Suresnois5.75EnvironnementTransportsSécuritéSantéSportset loisirsCultureEnseignementCommercesQualitéde vie462888885Les points positifs : Cela fait quelques années que je vis à Suresnes, j'y ai déménagé deux fois (donc 3 lieux différents) et chaque quartier à ses points positifs. Le T2 est vraiment pratique - d'autres pensent que le métro manque à Suresnes mais je ne resent pas ce manque grace au T2, aux BUS ou bien même au Transilien qui nous relie à la Gare St-Lazare en 15 minutes seulement. Les quartiers sont plus ou moins calmes, plus ou moins proches du centre ville. J'aime particulièrement que la ville soit séparée de Paris avec le bois de Boulogne, on peut y faire pas mal d'activités tel du vélo, se promener au bord de la seine, y courir, etc. Le marché du samedi matin est bien sympa également !Les points négatifs : Les points négatifs, je pense que le plus gros soucis est le bruit - faites attention au quartier que vous choisissez. Les petites ruelles derriere le parc du Chateaux sont assez calmes alors que si vous vous rapprochez du boulevard Henri Scellier, ça devient insupportable. Evitez les grands immeubles où vos voisins passent leurs journées à faire des travaux, ou vous avez 3 camions poubelles par jours, les gardiens qui passent leur vie à nettoyer les feuilles sur les trottoirs à l'aide de matériel à moteur, c'est invivable. Un autre point est la sécurité, vivant en face du poste de gendarmerie, je me suis fait voler ma moto dans le sous sol de mon immeuble, fait endommager la voiture à plusieurs reprises, entre la fois ou on vous la casse pour accéder à la moto et la fois ou on vous crève les pneus et la fois ou on veut voler votre GPS ... renseignez vous sur les caméras, elles sont souvent factices et ne repoussent aucun voleur. J'ai eu le charme de la ""petite ville"" au parc du Chateaux, mais proche du boulevard principal on se sent plus dans une grande banlieue qu'autre chose.Signaler ce commentaire10d'accord1pas d'accordPour interagir sur le site, vous devez désactiver votre anti-pub"
SURESNES_92073,6,"Avis posté le 30-06-2015 à 09:41Par kekebai9.19EnvironnementTransportsSécuritéSantéSportset loisirsCultureEnseignementCommercesQualitéde vie66999910910Les points positifs : Zen dans l'ensemble, belle ville et propre. Les enfants s'épanouissent et sont bien encadrés niveau scolaire et périscolaire.Les points négatifs : Les petites rues et les automobilistes sont impatients. Pas trop de mixité.Signaler ce commentaire3d'accord20pas d'accordPour interagir sur le site, vous devez désactiver votre anti-pub"
SURESNES_92073,6,"Avis posté le 19-06-2015 à 12:04Par mumkb6.88EnvironnementTransportsSécuritéSantéSportset loisirsCultureEnseignementCommercesQualitéde vie7861076557Les points positifs : Hôpital top et transports nombreux et efficaces, un vrai effort sur les espaces verts et l'aménagement de pistes cyclables. Proximité de Paris et Neuilly. Implantations d'entreprises dans le bas de la ville.Les points négatifs : pas beaucoup d'ambianceSignaler ce commentaire4d'accord10pas d'accordPour interagir sur le site, vous devez désactiver votre anti-pub"
SURESNES_92073,6,"Avis posté le 26-05-2015 à 13:10Par Dubitatif4.75EnvironnementTransportsSécuritéSantéSportset loisirsCultureEnseignementCommercesQualitéde vie543777744Les points positifs : Quelques unsLes points négatifs : Echec de la Mairie, de la région, du département, de Paris en matière de transports de Suresnes à Paris (absence de vision prospective il y a 15 ans). Groupes qui sèment le trouble, délinquance.Signaler ce commentaire21d'accord4pas d'accordPour interagir sur le site, vous devez désactiver votre anti-pub"
SURESNES_92073,6,"Avis posté le 14-04-2015 à 00:36Par Zarobi2.81EnvironnementTransportsSécuritéSantéSportset loisirsCultureEnseignementCommercesQualitéde vie273555551Les points positifs : Très peu.Les points négatifs : Les kassos qui font des roues arrières tous les soirs dans les rues du centre ville avec leur scooter bruyant aux vues des caméras qui ne servent à rien à part décorer les poteaux, ville bruyante entourée de routes congestionnées à toutes heures de la journée...
Sécurité laisse à désirer dans certains endroits notamment devant l'entrée des urgences de l'hôpital Foch et d'autres endroits aussi...ville où la voiture est reine par excellence.Signaler ce commentaire32d'accord9pas d'accordPour interagir sur le site, vous devez désactiver votre anti-pub"
SURESNES_92073,7,"Avis posté le 08-04-2015 à 11:06Par Josephine4.13EnvironnementTransportsSécuritéSantéSportset loisirsCultureEnseignementCommercesQualitéde vie555533534Les points positifs : Proximité du bois de Boulogne, Parc du château.
Des crèches.Les points négatifs : La ville défigurée. Les constructions sont laides (grands ensembles impersonnels). Les nouveaux immeubles qui se construisent sont trop grands, laids, directement construits sur des trottoirs où 2 adultes ne peuvent pas se croiser. Les activités culturelles et de loisirs pour les adultes sont quasi inexistantes ou très chères (45 euros pour 1 an à la médiathèque municipale pour un adulte isolé !). Manque de jardins publics (rien à part le parc du Chateau). Incivilités. Le tramway est saturé. Pas assez de commerces, malgré le centre Bagatelle.Signaler ce commentaire29d'accord9pas d'accordPour interagir sur le site, vous devez désactiver votre anti-pub"
SURESNES_92073,7,"Avis posté le 07-03-2015 à 16:29Par Dispac'h4.75EnvironnementTransportsSécuritéSantéSportset loisirsCultureEnseignementCommercesQualitéde vie647745564Les points positifs : Mont Valérien agréable, proximité avec ParisLes points négatifs : Cité Jardin totalement délaissée et qui souffre d'une mauvaise image, on fait presque passer ce quartier pour un ghetto alors que j'y habite depuis 10 ans et j'ai jamais eu de problèmes; certes il y a un peu d'agitation parfois mais c'est loin d'être un coupe-gorge, c'est même très calme et très agréable en journée; mais avec cet argument en carton d'""insécurité"" on nous isole et maintenant on nous coupe même les transports à partir de 20h, merci monsieur le maire pour cette décision totalement arbitraire, encore un bon moyen de nous stigmatiser...  Par contre pour mettre le théâtre avec les pièces subventionnées qui nous empêche de nous garer 3 soirs par semaine là y'a du monde hein. Sinon bas de la ville embourgeoisé, trop urbanisé, centre ville inexistant, rien à faire, et activités chèresSignaler ce commentaire23d'accord9pas d'accordPour interagir sur le site, vous devez désactiver votre anti-pub"
SURESNES_92073,7,"Avis posté le 24-02-2015 à 20:09Par suresnes 924.56EnvironnementTransportsSécuritéSantéSportset loisirsCultureEnseignementCommercesQualitéde vie381775374Les points positifs : Cette ville propose assez d'évènements culturels et il y a beaucoup d'endroits sympas pour se promener. De plus, il y a beaucoup d'endroits pour les activités sportives des jeunes donc un large choix, ainsi qu'une variété de sorties pour les seniors. C'est donc une ville assez animée.Les points négatifs : Il n'y a pas du tout de sécurité dans la ville, et encore plus dans la cité-jardin. Il y a beaucoup de racaille et la police ne fait absolument rien. Il y a trop peu d'établissement secondaires et aucun établissement scolaire privé.Signaler ce commentaire26d'accord7pas d'accordPour interagir sur le site, vous devez désactiver votre anti-pub"
SURESNES_92073,7,"Avis posté le 21-02-2015 à 23:21Par cité jardin 924.69EnvironnementTransportsSécuritéSantéSportset loisirsCultureEnseignementCommercesQualitéde vie451834465Les points positifs : j'habite cette ville depuis un environ un demi siecle donc pas d'hier  la ville est sympa et encore assez verte cela ne dura pas même si le haut de Suresnes est toujours passé en second plan.
Le bas de Suresnes a toujours été privilégié à cause de la bourgeoisie du bas de Suresnes et le lieu d'habitation de Mr le Maire. La vie est comme ca lol
Cité jardin reste malgré tout une grande famille et j'aime ce mélange de nationalités les gens sont ouverts, on se connaît tous plus ou moins malgré la grandeur de la citéLes points négatifs : j ai vu la ville se dégrader d'années en années c'est vrai faut le dire moi je n ai jamais vraiment eu de pbs cité jardin, car on me connaît certes pour autant je suis pas  une racaille que cela soit très clair mais je me suis jamais laissé faire
 il est vrai que la délinquance et les trafics en tout genres ont augmentés sur les avenue vaillant et Briand surtout pourtant  la police fait rien faut le reconnaître c est le bordel
 mais pour mettre des pv de stationnement trop fort ils sont la même  pas peur lol par contre enlever les épaves que stocke le garage Peugeot dans nos rues par exemple plus personnes la ou contrôler les mêmes jeunes plusieurs fois par jours sans aucunes raisons souvent des jeunes sans histoire
 moi ce qui me dérange le plus ce ne sont pas les trafics  c est la violence qui c est installée dans la ville dans la cité jardin  des jeunes qui agressent a plusieurs des parents qui refusent que leurs enfants subissent.... ou juste pour un regard pour se faire une réputation de dur les gars être un bonhomme comme vous dite c est pas ca c est pouvoir se regarder en face dans une glace le matin en partant bosser et être fier de ce que l on fait de sa vie et pour sa famille
la police fait rien et la justice donne raison aux mineurs 
avant la cité jardin était unie face aux autres cités de Rueil Nanterre Puteaux pour que cela reste tranquille dans le haut de Suresnes j y ai moi même participé  oui il y avait une bande cité jardin unie et forte mais pas que de racaille tout le monde voulait le calme dans la cité alors on s unissait meme si on avait pas les même (idéo) de vie 
mais jamais de manque de respect les uns envers les autres surtout envers les  anciens et nos ptis vieux lol de la cité même eux aujourd hui ont peur de sortir alors que tous nous avons tout fait pour laisser une cité tranquille pour nos gosses a vous dégouter parfois
sans parler des rues salent pas nettoyées le personnel attend que la journée se termine avant d avoir commencée  le pire au moment l automne des feuilles partout glissantes avec la pluie la neige aucun sablage effectués dans les rues de la cité ou juste ou passent les  bus le reste c est pas grave merci Mr le Maire d avoir privatiser le nettoyage de la commune et de ne pas surveiller le travail
 on est la pour payer la notre avec les impots
et merci d arrêter le bétonnage du haut de Suresnes on veut garder le vieux Suresnes nous on veut pas de vos immeubles  qui dénature l architecture du haut de Suresnes déjà trop de dégâts autour du marché fini le soleil dans nos rues grâce a vos superbes immeubles dans les rues commerçantes heureusement les immeubles cité jardin ne peuvent pas être  détruits 
tout ca pour faire grimper le prix du m2 a Suresnes et que cela devienne une ville bourgeoise faite un effort pour vos cités
faite des salles de sports (gratuite)bien encadrées  pour les jeunes au moins il y aura moins de monde dans les rues qui traine le sport implique de la discipline etle respect des autresSignaler ce commentaire19d'accord3pas d'accordPour interagir sur le site, vous devez désactiver votre anti-pub"
SURESNES_92073,7,"Avis posté le 20-02-2015 à 21:01Par SuShiXe8.50EnvironnementTransportsSécuritéSantéSportset loisirsCultureEnseignementCommercesQualitéde vie78776910109Les points positifs : Ville très agréable. Large choix de commerces. Beaucoup d'animations. Activités culturelles variées (cinéma, théâtre, opéra...). Nombreuses écoles. Pour une ville limitrophe à Paris, la commune reste bien desservie. Cadre de vie idéal.Les points négatifs : Rien à signaler, à part peut-être un manque de salles de sport (fitness...).Signaler ce commentaire11d'accord18pas d'accordPour interagir sur le site, vous devez désactiver votre anti-pub"
SURESNES_92073,7,"Avis posté le 19-02-2015 à 21:06Par totor922.44EnvironnementTransportsSécuritéSantéSportset loisirsCultureEnseignementCommercesQualitéde vie111211533Les points positifs : aucun certains quartiers sont isolés.
Tout se passe au centre villeLes points négatifs : Pas assez de salles de sport à Suresnes
Obligation d'aller dans une ville voisine pour des suresnois.
Les points négatifs : - Suresnes n'est pas desservie par le métro parisien alors que la commune est limitrophe à Paris par le bois de Boulogne. Le prolongement de la ligne 2 du métro dans la commune ne serait pas un luxe : une 1ere desserte en plein centre-ville (Bas de Suresnes) et une seconde au Cimetière Américain du Mont-Valérien (Hauts de Suresnes) me semblent être de bon sens.
- Certains quartiers des hauts de Suresnes sont l'objet d'insécurité
- Ville très urbanisée avec une forte densité de population : le bétonnage devrait céder sa place à davantage d'espaces verts. Pourquoi pas une coulée verte à Suresnes !
- Ville morte le soir : les quais de Seine sont un atout et mériteraient d'être aménagés et exploitésSignaler ce commentaire23d'accord8pas d'accordPour interagir sur le site, vous devez désactiver votre anti-pub"
SURESNES_92073,8,"Avis posté le 13-02-2015 à 20:30Par lola925.19EnvironnementTransportsSécuritéSantéSportset loisirsCultureEnseignementCommercesQualitéde vie654775455Les points positifs : bon hôpital, certains quartiers sympa la journée (ex le centre), marché, bois de boulogne à côtéLes points négatifs : pas de metro donc passer par la défense pour aller dans paris ou prendre le train ou le bus, trop dense, mort de chez mort le soirSignaler ce commentaire22d'accord2pas d'accordPour interagir sur le site, vous devez désactiver votre anti-pub"
SURESNES_92073,8,"Avis posté le 20-01-2015 à 14:27Par YayaSkin8.13EnvironnementTransportsSécuritéSantéSportset loisirsCultureEnseignementCommercesQualitéde vie766887979Les points positifs : Ville de la petite couronne parisienne agréable à vivre :
- Proximité immédiate du bois de Boulogne et de Paris par le Pont de Suresnes,
- Quelques beaux - mais rares - espaces verts (Mont Valérien)
- Hôpital Foch, commerces variés, cinéma, théâtre, beaucoup d'écoles...
- Quartiers des bas de Suresnes très sympathiques à vivre ou pour flânerLes points négatifs : - Suresnes n'est pas desservie par le métro parisien alors que la commune est limitrophe à Paris par le bois de Boulogne. Le prolongement de la ligne 2 du métro dans la commune ne serait pas un luxe : une 1ere desserte en plein centre-ville (Bas de Suresnes) et une seconde au Cimetière Américain du Mont-Valérien (Hauts de Suresnes) me semblent être de bon sens.
- Certains quartiers des hauts de Suresnes sont l'objet d'insécurité
- Ville très urbanisée avec une forte densité de population : le bétonnage devrait céder sa place à davantage d'espaces verts. Pourquoi pas une coulée verte à Suresnes !
- Ville morte le soir : les quais de Seine sont un atout et mériteraient d'être aménagés et exploitésSignaler ce commentaire19d'accord6pas d'accordPour interagir sur le site, vous devez désactiver votre anti-pub"
SURESNES_92073,8,"Avis posté le 15-01-2015 à 09:56Par CHARLIE5.31EnvironnementTransportsSécuritéSantéSportset loisirsCultureEnseignementCommercesQualitéde vie582646595Les points positifs : pas de positifLes points négatifs : il y a une insecurite les commerces se font cambrioler ,et la police a autres choses a faire que de nous aider pour la vie de tous les jours . voitures mal garees et nous empeche de sortir de nos parking pendant des heures , les asvp mettent plutot des contraventions sur les parking payant mais pas les voitures genantes !!!Signaler ce commentaire17d'accord13pas d'accordPour interagir sur le site, vous devez désactiver votre anti-pub"
SURESNES_92073,8,"Avis posté le 16-12-2014 à 10:42Par Daniella F9.13EnvironnementTransportsSécuritéSantéSportset loisirsCultureEnseignementCommercesQualitéde vie107710887910Les points positifs : Ville propre et très agréable à vivre 
A proximité du bois de Boulogne, Mont-Valérien, Parc de St-Cloud
Hôpital réputé mondialement au niveau de certaines spécialités (en urologie par ex)
Vue du haut de Suresnes magnifique et certaines maisons sur le Mont-Valérien sont très jolies et donnent l'impression d'être dans un village : Suresnes a beaucoup de charme.Les points négatifs : La partie de la ville qui longe la commune de Puteaux est très bruyante et pas trop entretenue (rue des bas-rogers). Je trouve aussi que les cités de Puteaux (commune ayant une très forte proportion d'HLM) amènent des trafics en tout genre sur notre ville (notamment dans le quartier de la cité des chênes). Il y en a un peu marre de devoir subir la délinquance de petits voyous venus de communes limitrophes!Signaler ce commentaire15d'accord20pas d'accordPour interagir sur le site, vous devez désactiver votre anti-pub"
SURESNES_92073,8,"Avis posté le 15-12-2014 à 14:30Par arc en ciel7.88EnvironnementTransportsSécuritéSantéSportset loisirsCultureEnseignementCommercesQualitéde vie810101008089Les points positifs : calme (cité jardins)
agréable (cité jardins)
vivant au mois d'octobre (festival des vendanges)
transports en commun pratique (sncf, bus, tram)Les points négatifs : rien à dire
des ordures qui jonchent le sol sur saint cloudSignaler ce commentaire9d'accord20pas d'accordPour interagir sur le site, vous devez désactiver votre anti-pub"
SURESNES_92073,8,"Avis posté le 09-12-2014 à 10:12Par quartier raguidelles7.81EnvironnementTransportsSécuritéSantéSportset loisirsCultureEnseignementCommercesQualitéde vie983987898Les points positifs : Les rues en pente donnent de belles perspectives, les  espaces verts sont très bien entretenus, la programmation du théâtre Jean Vilar intéressante, les places en crèche par habitant nombreuses par rapport aux autres villes, les services municipaux accueillants, les commerces de proximité nombreux et accueillants, les transports en commun développés...Les points négatifs : La police semble absente de certains quartiers où les trafiquants semblent devenus les maîtres (notamment dans les Cités Jardins la nuit...), les équipements culturels sont inégalement répartis (beaucoup de dépenses en certains points, mais manque de salles de quartiers plus basiques), l'arrivée depuis le Pont de Suresnes est peu esthétique et souvent embouteillée, transports en commun pas très directs avec Paris...Signaler ce commentaire28d'accord3pas d'accordPour interagir sur le site, vous devez désactiver votre anti-pub"
SURESNES_92073,9,"Avis posté le 28-11-2014 à 14:36Par steph4.31EnvironnementTransportsSécuritéSantéSportset loisirsCultureEnseignementCommercesQualitéde vie536733554Les points positifs : Proximité bois de BoulogneLes points négatifs : transports en commun déplorables, peu d'activités culturelles et sportives (l'abonnement à la bibliothèque est plus cher à Suresnes que l'abonnement à Puteaux pour un habitant de Suresnes), manque de restaurants notamment le week-end.Signaler ce commentaire17d'accord7pas d'accordPour interagir sur le site, vous devez désactiver votre anti-pub"
SURESNES_92073,9,"Avis posté le 23-10-2014 à 11:34Par Suresnois878.06EnvironnementTransportsSécuritéSantéSportset loisirsCultureEnseignementCommercesQualitéde vie778857789Les points positifs : Tram , transilien les transports, espaces verts, sécurité, commerces , proximité de Paris sans les inconvénientsLes points négatifs : manque de loisirs et structures sportifs ainsi que de restaurants et bars, taxe d'habitation très élevéeSignaler ce commentaire11d'accord20pas d'accordPour interagir sur le site, vous devez désactiver votre anti-pub"
SURESNES_92073,9,"Avis posté le 06-10-2014 à 17:35Par Suresnois257.25EnvironnementTransportsSécuritéSantéSportset loisirsCultureEnseignementCommercesQualitéde vie857786748Les points positifs : Une ville plutôt agréable, relativement calme, avec beaucoup d'espaces verts (les alentours du Mont-Valérien). Y habitant depuis plus de dix ans, je n'ai pas rencontré le moindre problème d'insécurité (mais il est vrai que je vis près de la gare SNCF, dans un quartier plutôt ""chic"")... D'ailleurs la ville me semble s'embourgeoiser depuis quelques années (davantage de restaurants, plus de commerces). Le collège Zola est très bien, ainsi que l'école des Raguidelles et le lycée Langevin.Les points négatifs : Un peu mort en été (piscine fermée en Aout, par exemple). Transports pas top pour aller sur Paris si on est loin de la gare - sinon, il faut passer par la Défense et c'est un peu galère. L'entrée sur Suresnes depuis le pont est assez moche et il y a souvent des embouteillages.Signaler ce commentaire19d'accord16pas d'accordPour interagir sur le site, vous devez désactiver votre anti-pub"
SURESNES_92073,9,"Avis posté le 29-09-2014 à 19:36Par Suresnois.22.19EnvironnementTransportsSécuritéSantéSportset loisirsCultureEnseignementCommercesQualitéde vie451565450Les points positifs : Le tram, pas mal de commerces (mais on peut mieux) et le choix pour des activités sportivesLes points négatifs : Trop de délinquance, de racailles tout ca
Cet été c'était horrible (le bruit des jeunes et les tirs de mortiers je n'en parle même pas tellement c'était...) ! Un ami a moi a vu sa voiture garé brûlé sur l'avenue fouilleuse cet été et la mienne a ""juste"" eu une vitre de cassé ! C'est une honte ! Maintenant quand je me balade dans ma ville (où je vis depuis plus de 30 ans) j'ai peur des gens et de me faire racketé ! Un jour quelqu'un m'a volé mon sac quand je me baladais pour allé voir mon fils au tuilerie ! Sans compter les jets de pierre et insultes qu'on me lance des fois dans ma cité !
Même le bas de suresnes qui autrefois était réputé calme devient craignos !
Bref suresnes est à éviter surtout pour ses cités sensibles tels que la cité jardin, des tuileries, caron et la cité unis
Cordialement un habitant de la cité jardin qui voit sa vie tourné au cauchemardSignaler ce commentaire31d'accord20pas d'accordPour interagir sur le site, vous devez désactiver votre anti-pub"
SURESNES_92073,9,"Avis posté le 22-09-2014 à 14:37Par aze9.44EnvironnementTransportsSécuritéSantéSportset loisirsCultureEnseignementCommercesQualitéde vie89999981010Les points positifs : ville agréable qui se suffit à elle même à proximité immédiate de Paris.
bien desservie : tram, train, bus.
ville jeune.Les points négatifs : pas assez de place en crèche (grosse carence).
manque le métro, mais il arrive!Signaler ce commentaire8d'accord20pas d'accordPour interagir sur le site, vous devez désactiver votre anti-pub"
SURESNES_92073,9,"Avis posté le 12-09-2014 à 13:03Par visiteur9.06EnvironnementTransportsSécuritéSantéSportset loisirsCultureEnseignementCommercesQualitéde vie989910108109Les points positifs : Qualité de vie à 2 pas de paris/ nombreux commerces / mont Valérien pour promenades et sport / belles vues sur paris depuis la terrasse du Fecheray allez y lors de la,exposition jardins en seine au printempsLes points négatifs : Manque transport direct vers Paris (metro)
Habitant depuis 10 ans dans ce que le commentaire précédent qualifié de quartier chaud, je n'ai jamais été victime d'un un seul acte de malveillance je suis très étonné des notes concernant la securitéSignaler ce commentaire18d'accord12pas d'accordPour interagir sur le site, vous devez désactiver votre anti-pub"
SURESNES_92073,10,"Avis posté le 03-09-2014 à 11:40Par Juliette1.44EnvironnementTransportsSécuritéSantéSportset loisirsCultureEnseignementCommercesQualitéde vie420631250Les points positifs : Bas de suresnes, mont valerien on se sent dans une tres belle ville, commerce present en basLes points négatifs : Il y a le revers de la medaille avec cest cité sensible Cité jardin , Caron , Tuilerie 
ma mere habitait la tuilerie le menage n'est jamais fait dans l'immeuble il y a des insultes partout tag ect policier insulter ....
Demenagement a st cloud !Signaler ce commentaire32d'accord11pas d'accordPour interagir sur le site, vous devez désactiver votre anti-pub"
SURESNES_92073,10,"Avis posté le 01-09-2014 à 16:28Par Archer vert8.75EnvironnementTransportsSécuritéSantéSportset loisirsCultureEnseignementCommercesQualitéde vie978999899Les points positifs : Ville agréable proche de paris - beaux points de vues depuis les hauteurs de la ville - ne vous arrêtez pas aux voies qui la traversent : les différents quartiers méritent d'être vus de l'intérieur; en particulier plateaux autour du mont Valérien / y vivant depuis 10 ans vers la cite jardins je n'ai eu à subir aucun des désagréments évoqués dans certains des commentaires précédents . Ceux qui évoquent l'insécurité ont dû vivre dans sur des îles désertes auparavant. Peut- être devraient- ils y retourner...
En tout cas ni moi ni ma famille ne ressentons une quelconque insécurité ...Les points négatifs : Déficit en transport en commun lourdSignaler ce commentaire18d'accord9pas d'accordPour interagir sur le site, vous devez désactiver votre anti-pub"
SURESNES_92073,10,"Avis posté le 30-08-2014 à 17:14Par eremite8.38EnvironnementTransportsSécuritéSantéSportset loisirsCultureEnseignementCommercesQualitéde vie781010109978Les points positifs : Cadre de vie agréable, superbes vues surpomblant Paris, bien desservi par des transporta en común, sécurité, bonne dotation de parcs, centres sportifs et établissements de santé.Les points négatifs : Ville un peu chaotique, bouchons fréquents, las tropas fáciles de garer daños certains endroits de la cité jardín commerces trol chers. On ne peut las dir que dans son ensemble soit une ville bellezaou même harmonisé.Signaler ce commentaire13d'accord12pas d'accordPour interagir sur le site, vous devez désactiver votre anti-pub"
SURESNES_92073,10,"Avis posté le 26-08-2014 à 15:29Par iskander7.75EnvironnementTransportsSécuritéSantéSportset loisirsCultureEnseignementCommercesQualitéde vie866989778Les points positifs : cadre de vie agréable: proximité de grands expaces de promenade (bois de boulogne , parc de saint clous et mont valérien. commerces dynamiques dans le haut et le bas de Suresnes. toutes les fonctions de la ville y sont présentes : habitat, activité économique, loisirs.Les points négatifs : manque transport en commun direct vers paris (hormis bus) 
trafic automobile de transit vers paris générant de nombreux bouchons sur le boulevard Henri Sellier en début de matinée.Signaler ce commentaire18d'accord4pas d'accordPour interagir sur le site, vous devez désactiver votre anti-pub"
SURESNES_92073,10,"Avis posté le 24-07-2014 à 23:42Par topkapeu3.13EnvironnementTransportsSécuritéSantéSportset loisirsCultureEnseignementCommercesQualitéde vie321354443Les points positifs : Proximité Paris.Les points négatifs : Sécurité et police proche de 0. Certains endroits de la villes sont surinvestis et d'autre laissés quasiment à l'abandon.
Parfois des groupes de personnes trainent dans les rues toutes la nuit. Ca hurle, incendie, tague, fume et bois beaucoup. La mairie efface et nettoie méticuleusement les traces des méfaits. Puis ça recommence, encore et encore. 
Y a t'il un pilote dans l'avion ?Signaler ce commentaire23d'accord16pas d'accordPour interagir sur le site, vous devez désactiver votre anti-pub"
SURESNES_92073,10,"Avis posté le 21-07-2014 à 23:11Par nadine6.81EnvironnementTransportsSécuritéSantéSportset loisirsCultureEnseignementCommercesQualitéde vie744888777Les points positifs : Vie agréable à proximité de Paris. Verdure .Beaux marchés .Bons commerces de bouche.
Développement agréable en bas de Suresnes , pas en haut.Les points négatifs : Pour aller travailler à Paris , difficile d'y accéder quand on vit en haut de Suresnes.
Les bus sont trop rares , lents. Bus pour atteindre les métros aux portes de Paris insuffisants surtout si on a des horaires de commerçants.
Les transports en commun  sont présents pour les gens qui ne sont pas pressés mais non pour les gens qui travaillent.
Et puis , installez des horloges pour indiquer les passages de bus ( place du théâtre Jean Vilar entre autres )
Manque de Velib en haut de Suresnes pour pouvoir peut être atteindre certains bus (ceux qui vont vers St Cloud quand on habite près du Théâtre)Signaler ce commentaire22d'accord3pas d'accordPour interagir sur le site, vous devez désactiver votre anti-pub"
SURESNES_92073,11,"Avis posté le 17-07-2014 à 23:21Par Caro3.31EnvironnementTransportsSécuritéSantéSportset loisirsCultureEnseignementCommercesQualitéde vie230533144Les points positifs : Proximité paris depuis le bas de suresnesLes points négatifs : délinquance tres presente en Hauts de suresnes avec la cité jardin ( Caron Jaures, Tuilerie) trafic en tous genre, je me suis fais arrachcer mon telephone , j'ai inviter des amis chez moi (j'habite un pavillon juste a coté de la tuilerie, en traverssant la cité il se sont fait agresser par des jeunes...), lorsque la police passe devant ces cités elle accélèrent par peur de jet de pierre, une voiture de police c'est faits jeter un disque de fonte heureusement personnes est blessé... 
Bref je démenage de cette ville et surtout de ce quartier sensible!!!!!!!!Signaler ce commentaire18d'accord10pas d'accordPour interagir sur le site, vous devez désactiver votre anti-pub"
SURESNES_92073,11,"Avis posté le 16-07-2014 à 13:55Par MaxBauer923.13EnvironnementTransportsSécuritéSantéSportset loisirsCultureEnseignementCommercesQualitéde vie230856372Les points positifs : A proximité : Seine, Bois de Boulogne, Lompchamp, ParisLes points négatifs : cambriolages en forte hausse, tirs de mortiers en pleine nuit et les SDF ivres qui mettent le bazar toute la nuit....y compris dans le centre-ville et dans tout le bas de Suresnes qui avait autrefois bonne réputation. Voilà le quoditien des habitants de SuresnesSignaler ce commentaire19d'accord10pas d'accordPour interagir sur le site, vous devez désactiver votre anti-pub"
SURESNES_92073,11,"Avis posté le 15-07-2014 à 17:55Par suresnoise4.00EnvironnementTransportsSécuritéSantéSportset loisirsCultureEnseignementCommercesQualitéde vie440654544Les points positifs : proximité parisLes points négatifs : les gens du hauts de Suresnes sont laissées a l abandon plus de sécurité la police ne fais rien ou interpelle les mauvaises personnes plus de commissaire a Suresnes depuis des mois ,les armes a 19h sorte en pleine rue et la bizarrement pas de police ,deal en bas de chez moi chaque jour et la police leur serre la main la rue et a eux surtout en été transat installer jeu de ballon sur la route etc et la idem on ne dis rien ,par contre aller interpeller des petits jeune qui ne font rien oui et en plus arme pointer sur eux bravo je suis écœuré de ma ville je l aimai mon quartier mais le maire n en a rien a foutre du haut de suresnes !!! pour les loisirs on nous retire tout exemple les centre associative ""sorbier ,gambetta etc n ont plus l autorisation de faire de sejour pour nos enfants obligés de passer par la mairie question de fric certainement , tellement d autre chose a dire que une page ne suffirait pas ah si hlm il faut être pistonner pour en avoir un certain déménage tout les 6 mois et d autre toujours rien au bout de 15 ans lamentable Suresnes et devenu une ville corrompu !!!on a les mains liées nous les petits gens pfff juste envie de déménagée d ici pourtant j y habite depuis plus de 30 ans merci la politique de Suresnes !!!Signaler ce commentaire20d'accord10pas d'accordPour interagir sur le site, vous devez désactiver votre anti-pub"
SURESNES_92073,11,"Avis posté le 12-07-2014 à 16:31Par don4.56EnvironnementTransportsSécuritéSantéSportset loisirsCultureEnseignementCommercesQualitéde vie383963634Les points positifs : -bien desservie par les transports en commun
-Mont Valérien : un peu de verdure dans cette urbanisation intense
-proximité de Paris et de la Défense
-beaucoup d'écoles
-pas mal de choix pour les sportsLes points négatifs : Le bas de Suresnes = bourgeois, sympa, commerces, branché, chic
par contre
Hauts de Suresnes:
-mal fréquenté,
- ""communautarisme""
-trafics de drogue dans les immeubles;
-ville dortoir
-cambriolages en augmentation exponentielle
-pas de commerces (ex: il faut aller à Puteaux pour trouver une banque!)
Urbanisation générale de la ville: 
- très dense
- volonté politique d'atteindre les 50 000 habitants (on est déjà à 48 000 et le maire veut atteindre les 50 000  pour une histoire de salaire sans doute...)
- construction intensive, béton, béton...
- pas envie de se promener au milieu de tout ce béton et de cette pollution : grosses artères routière tel le boulevard Henri Seillier = bruitSignaler ce commentaire18d'accord8pas d'accordPour interagir sur le site, vous devez désactiver votre anti-pub"
SURESNES_92073,11,"Avis posté le 02-07-2014 à 02:22Par Suresnois3.50EnvironnementTransportsSécuritéSantéSportset loisirsCultureEnseignementCommercesQualitéde vie320220435Les points positifs : Tres bon cadre de vie sur une moitié de surenes (le bas biensur), une certaine bourgeoisie cest installéLes points négatifs : Le haut de suresnes (Trafic, Vol a la portiere, Cambriolage, Feu de poubelle et de véhicule), une tres grande insécurité à La cité de la Tuilerie avec des bandes, des vols     et des insultes constant aux habitants ainsi qu'au forces de l'ordes qui n'ose meme plus rentrer dans la cité...Signaler ce commentaire23d'accord6pas d'accordPour interagir sur le site, vous devez désactiver votre anti-pub"
SURESNES_92073,11,"Avis posté le 12-06-2014 à 18:10Par Etty7.44EnvironnementTransportsSécuritéSantéSportset loisirsCultureEnseignementCommercesQualitéde vie775778688Les points positifs : La ville de Suresnes s'est beaucoup améliorée en 10 ans, de jolies constructions residentielles pour les familles, de nouveaux commerces avec la toute nouvelle galerie Bagatelle (avec le Monop'!)
Bref une ville charmante dotée d'un joli parc très bien entretenu (parc du château) et d'espaces verts très agreables vers le M'ont Valérien. Le cœur de ville façon village est charmant. Cote santé l'hopital Foch est bien orgenisé et côté culture et sport Suresnes a son théâtre et son cinéma ainsi que sa piscine et des clubs de sport tous ages ce qui n'est pas négligeable pour une ville de banlieue.
Suresnes a beaucoup de charme aussi car se situe à 2 pas du Bois par le Pont ce qui permet ballades et picnics faciles à organiser rapidement. Enfin il y a Auto et Vélo Lib. Bravo Suresnes.Les points négatifs : Suresnes est divisé en quartiers n'ayant pas tous le droit au même traitement (haut de Suresnes et quartier Carnot Gambetta) même si tout s'améliore peu à peu. Côté transport il faudrait plus de frequence des bus allant vers Paris ou La Defense ...mais le bus allant à porte Maillot circule enfin le soir ! et le Tram permet une liaison rapide à Paris le soir tard.
Les impôts locaux sont élevés. Il faudrait par ailleurs plus de crèches dans la mesure où des résidences se construisent continuellement accueillant de nouvelles familles régulièrement.Signaler ce commentaire16d'accord3pas d'accordPour interagir sur le site, vous devez désactiver votre anti-pub"
SURESNES_92073,12,"Avis posté le 13-05-2014 à 16:50Par Nguyen7.06EnvironnementTransportsSécuritéSantéSportset loisirsCultureEnseignementCommercesQualitéde vie7841089657Les points positifs : - Mont-Valérien.
- Certains quartiers sympathique ( quartier liberté...)
- Ecoles à proximité.
- Beaucoup d'équipements sportifs et culturels ( gymnase ...).Les points négatifs : - Lycée acceptable mais en ruine...
- Commerce réparti inégalement ( beaucoup de commerces dans le bas de Suresnes mais moins dans le haut de Suresnes).
- Aucune ambition de la municipalité.
- Haut de Suresnes a mauvaise réputation.Signaler ce commentaire18d'accord3pas d'accordPour interagir sur le site, vous devez désactiver votre anti-pub"
SURESNES_92073,12,"Avis posté le 16-04-2014 à 17:10Par Patrick923.00EnvironnementTransportsSécuritéSantéSportset loisirsCultureEnseignementCommercesQualitéde vie322453323Les points positifs : - Le Mont Valérien qui permet de ""s'oxygéner"" de cet univers de bétonLes points négatifs : - La sécurité qui se dégrade d'années en années. Des bandes des hauts de la ville commetent des méfaits.
- Ecoles pas terribles, petits trafiques dans les collèges, mauvaise fréquentation pour vos enfants
- Transports en commun : une seule gare pour toute la ville, c'est trop peu ! Certains quartiers sont ultra mal desservis en bus !
- Ville dortoir, sans activité passé 19heures
- Trop de béton, c'est étouffant à force !
Avec ma femme, on déménage.Signaler ce commentaire22d'accord6pas d'accordPour interagir sur le site, vous devez désactiver votre anti-pub"
SURESNES_92073,12,"Avis posté le 25-02-2014 à 21:54Par uve4.56EnvironnementTransportsSécuritéSantéSportset loisirsCultureEnseignementCommercesQualitéde vie267555744Les points positifs : - Deux arrêts de tram, un arrêt transilien; proximité de La Défense (proximité de tout donc en matière de transport)
- Beaucoup de commerces en centre-ville (cher eux aussi)
- Sentiment de sécuritéLes points négatifs : - Loyer et coût de la vie très cher 
- Beaucoup de pollution sonore sur la rue Carnot, olfactive sur les quais; de manière générale, peu de verdures pour pouvoir respirer un bon ; on étouffe un peu.
- Vie culturelle plutôt ""sage"".
- Malgré un cadre privilégié, des habitants pas forcément sympathiques.Signaler ce commentaire6d'accord10pas d'accordPour interagir sur le site, vous devez désactiver votre anti-pub"
SURESNES_92073,12,"Avis posté le 10-02-2014 à 16:12Par Berno8.94EnvironnementTransportsSécuritéSantéSportset loisirsCultureEnseignementCommercesQualitéde vie897101010899Les points positifs : Ville très proche de Paris
Proximité immédiate du Bois de Boulogne
Présence de nombreux espaces verts
Nombreux transports
Ecoles et lycées de qualitéLes points négatifs : Ville coupée en deux avec une partie relativement délaissée en haut et une partie très bien desservie et très bourgeoise en bas.
Quelques problèmes de sentiment d'insécurité en haut de Suresnes, mais plutôt en baisseSignaler ce commentaire19d'accord5pas d'accordPour interagir sur le site, vous devez désactiver votre anti-pub"
SURESNES_92073,12,"Avis posté le 06-02-2014 à 11:04Par muscari5.81EnvironnementTransportsSécuritéSantéSportset loisirsCultureEnseignementCommercesQualitéde vie745865556Les points positifs : Il reste encore un peu de verdureLes points négatifs : Le service de l'urbanisme devrait adopter l'habitude de passer un coup de fil aux demandeurs de PC ( si possible ) ou d'autorisation de travaux ( dans tous les cas) pour éviter des retours de dossiers anxiogènes ....et mettre un peu de liant dans les relations avec l'ADMINISTRATION  .Ce serait tout bénéfice pour tout le monde.Signaler ce commentaire5d'accord4pas d'accordPour interagir sur le site, vous devez désactiver votre anti-pub"
SURESNES_92073,12,"Avis posté le 04-02-2014 à 22:31Par Lasoluce7.81EnvironnementTransportsSécuritéSantéSportset loisirsCultureEnseignementCommercesQualitéde vie986888778Les points positifs : Sa vigne (la plus grande de la région), le fort, le cimetière américain, la vue sur Paris, la Seine et ses activités, le bois à proximité, c'est plein de potentiel dommage que cela ne soit pas mieux exploité...Les points négatifs : Peut-être la sécurité, dans certain quartier.Signaler ce commentaire16d'accord2pas d'accordPour interagir sur le site, vous devez désactiver votre anti-pub"
SURESNES_92073,13,"Avis posté le 23-01-2014 à 11:35Par vero92Suresnes2.75EnvironnementTransportsSécuritéSantéSportset loisirsCultureEnseignementCommercesQualitéde vie175435212Les points positifs : Les transports (tram, bus, train..)Les points négatifs : Boulevard Henri Sellier (bruit, circulation dense, sécurité)
Peu de gymnase
Pas assez de collège
Mauvaise gestion des travaux dans les écoles
Aucune volonté de la municipalitéSignaler ce commentaire7d'accord9pas d'accordPour interagir sur le site, vous devez désactiver votre anti-pub"
SURESNES_92073,13,"Avis posté le 22-01-2014 à 09:55Par Moena8.63EnvironnementTransportsSécuritéSantéSportset loisirsCultureEnseignementCommercesQualitéde vie898988799Les points positifs : Des parcs, Le Mont-Valérien, des commerces, un choix d'activités municipales larges, l'hôpital Foch, une piscine, le transilien, le tram 2, des bus qui mènent directement à Paris, proximité du bois de Boulogne.Les points négatifs : Une disparité de desserte des transports, une cité qui génère quelques désagréments (drogue....)Signaler ce commentaire13d'accord7pas d'accordPour interagir sur le site, vous devez désactiver votre anti-pub"
SURESNES_92073,13,"Avis posté le 16-11-2013 à 15:22Par Johnny B Good8.81EnvironnementTransportsSécuritéSantéSportset loisirsCultureEnseignementCommercesQualitéde vie109810108779Les points positifs : Calme mais de nombreuses manifestations culturelles, ainsi que de nombreux espaces verts. De bons restaurants et un centre ville agréable. Une ville idéale pour les familles, et plus particulièrement le quartier plateau ouest.Les points négatifs : Certains quartiers un peu moins accueillants.Signaler ce commentaire10d'accord8pas d'accordPour interagir sur le site, vous devez désactiver votre anti-pub"
SURESNES_92073,13,"Avis posté le 30-10-2013 à 23:44Par andretti2.06EnvironnementTransportsSécuritéSantéSportset loisirsCultureEnseignementCommercesQualitéde vie340635221Les points positifs : Pas loin de Paris, certaines rues sympas...Les points négatifs : Insécurité absolue, présence de bandes organisées, deals en tous genres, présence de la police inexistante. Police Municipale fantômatique. Service de ramassage des poubelles incompétent et sale.Signaler ce commentaire16d'accord11pas d'accordPour interagir sur le site, vous devez désactiver votre anti-pub"
